{"cameraMode":{"drawMode":0,"name":"Shaded","section":"Shading Mode"},"sceneLighting":true,"audioPlay":false,"sceneViewState":{"m_AlwaysRefresh":false,"showFog":true,"showSkybox":true,"showFlares":true,"showImageEffects":true,"showParticleSystems":true,"showVisualEffectGraphs":true,"m_FxEnabled":true},"in2DMode":false,"pivot":{"x":-19.9339542388916,"y":-17.035634994506837,"z":-35.5704345703125},"rotation":{"x":0.000024476918042637408,"y":0.9959303736686707,"z":-0.09018747508525849,"w":0.000299622566672042},"size":12.12435531616211,"orthographic":false}